{"cameraMode":{"drawMode":0,"name":"Shaded","section":"Shading Mode"},"sceneLighting":true,"audioPlay":false,"sceneViewState":{"showFog":true,"showMaterialUpdate":false,"showSkybox":false,"showFlares":true,"showImageEffects":true,"showParticleSystems":true},"in2DMode":false,"pivot":{"x":-2.5543549060821535,"y":3.5983047485351564,"z":20.25411033630371},"rotation":{"x":0.033541060984134677,"y":-0.8209143877029419,"z":0.5681848526000977,"w":0.04900657758116722},"size":29.128463745117189,"orthographic":true}