{"cameraMode":{"drawMode":0,"name":"Shaded","section":"Shading Mode"},"sceneLighting":false,"audioPlay":false,"sceneViewState":{"showFog":true,"showMaterialUpdate":false,"showSkybox":false,"showFlares":true,"showImageEffects":true,"showParticleSystems":true},"in2DMode":false,"pivot":{"x":107.07794189453125,"y":216.5642852783203,"z":-0.002397775650024414},"rotation":{"x":0.3128719627857208,"y":0.6785896420478821,"z":-0.40016430616378786,"w":0.5305671095848084},"size":609.5130004882813,"orthographic":false}