{"cameraMode":{"drawMode":0,"name":"Shaded","section":"Shading Mode"},"sceneLighting":false,"audioPlay":false,"sceneViewState":{"showFog":true,"showMaterialUpdate":false,"showSkybox":false,"showFlares":true,"showImageEffects":true,"showParticleSystems":true},"in2DMode":false,"pivot":{"x":-73.14700317382813,"y":19.111141204833986,"z":218.23681640625},"rotation":{"x":-0.002902780892327428,"y":0.9917921423912048,"z":-0.12594372034072877,"w":-0.022929703816771508},"size":3.258129596710205,"orthographic":false}