{"cameraMode":{"drawMode":0,"name":"Shaded","section":"Shading Mode"},"sceneLighting":false,"audioPlay":false,"sceneViewState":{"showFog":true,"showMaterialUpdate":false,"showSkybox":false,"showFlares":true,"showImageEffects":true,"showParticleSystems":true},"in2DMode":false,"pivot":{"x":-34.32350158691406,"y":14.047733306884766,"z":204.19837951660157},"rotation":{"x":0.4225907027721405,"y":-0.14873036742210389,"z":0.06978455185890198,"w":0.8915868401527405},"size":197.19281005859376,"orthographic":true}