{"cameraMode":{"drawMode":0,"name":"Shaded","section":"Shading Mode"},"sceneLighting":false,"audioPlay":false,"sceneViewState":{"showFog":true,"showMaterialUpdate":false,"showSkybox":false,"showFlares":true,"showImageEffects":true,"showParticleSystems":true},"in2DMode":false,"pivot":{"x":-34.32350158691406,"y":14.04773235321045,"z":204.19842529296876},"rotation":{"x":0.4258743226528168,"y":-0.003784315660595894,"z":0.0011132964864373208,"w":0.905061662197113},"size":197.19281005859376,"orthographic":true}